{
    "playerData": {
        "position": {
            "x": -0.7219240069389343,
            "y": 1.924025297164917,
            "z": 16.44286346435547
        },
        "rotation": {
            "x": 0.01107108872383833,
            "y": 0.9888542890548706,
            "z": -0.09870079159736633,
            "w": 0.11091799288988114
        }
    },
    "worldObjects": [],
    "stageProgressList": [
        {
            "stageID": "WE_Level_Tuturial",
            "puzzleDataList": []
        }
    ],
    "saveTimeString": "2025-01-20T13:48:21.3449541+09:00",
    "inventoryData": [],
    "removedFromWorldItems": []
}