{
    "playerData": {
        "position": {
            "x": -31.45252799987793,
            "y": -195.14859008789063,
            "z": -0.8417394757270813
        },
        "rotation": {
            "x": 0.018308591097593309,
            "y": 0.660702645778656,
            "z": 0.10364624857902527,
            "w": -0.7432324290275574
        }
    },
    "worldObjects": [],
    "stageProgressList": [],
    "saveTimeString": "2025-01-24T09:53:18.6999880+09:00",
    "inventoryData": [],
    "removedFromWorldItems": []
}