{
    "playerData": {
        "position": {
            "x": -0.3407108187675476,
            "y": 1.1801940202713013,
            "z": 16.19140625
        },
        "rotation": {
            "x": -0.002465352648869157,
            "y": 0.997520923614502,
            "z": -0.05227786675095558,
            "w": -0.047041717916727069
        }
    },
    "worldObjects": [],
    "stageProgressList": [
        {
            "stageID": "WE_Level_Tuturial",
            "puzzleDataList": []
        }
    ],
    "saveTimeString": "2025-01-20T17:53:11.5537156+09:00",
    "inventoryData": [],
    "removedFromWorldItems": []
}