{
    "playerData": {
        "position": {
            "x": 0.6771251559257507,
            "y": 1.5751372575759888,
            "z": -0.3112955689430237
        },
        "rotation": {
            "x": 0.02094440907239914,
            "y": -0.6610533595085144,
            "z": 0.0184649471193552,
            "w": 0.7498192191123962
        }
    },
    "worldObjects": [],
    "stageProgressList": [],
    "saveTimeString": "2025-01-20T11:31:32.7521443+09:00",
    "inventoryData": [],
    "removedFromWorldItems": []
}