{
    "playerData": {
        "position": {
            "x": -0.38549625873565676,
            "y": 0.6993392109870911,
            "z": 17.963661193847658
        },
        "rotation": {
            "x": 0.0015222749207168818,
            "y": 0.9984396696090698,
            "z": -0.034866057336330417,
            "w": 0.043592531234025958
        }
    },
    "worldObjects": [],
    "stageProgressList": [
        {
            "stageID": "WE_Level_Tuturial",
            "puzzleDataList": []
        }
    ],
    "saveTimeString": "2025-01-20T10:06:01.7926754+09:00",
    "inventoryData": [],
    "removedFromWorldItems": []
}